escala,versao,threads,schedule,chunk,arquivos,bytes,repeticao,tempo_s
forte,sequencial,1,none,0,1024,105775104,1,0.217573
forte,sequencial,1,none,0,1024,105775104,2,0.210342
forte,sequencial,1,none,0,1024,105775104,3,0.224313
forte,sequencial,1,none,0,1024,105775104,4,0.212634
forte,sequencial,1,none,0,1024,105775104,5,0.214910
forte,sequencial,1,none,0,1024,105775104,6,0.211996
forte,sequencial,1,none,0,1024,105775104,7,0.218697
forte,sequencial,1,none,0,1024,105775104,8,0.222058
forte,sequencial,1,none,0,1024,105775104,9,0.211038
forte,sequencial,1,none,0,1024,105775104,10,0.213290
forte,sequencial,1,none,0,1024,105775104,11,0.217909
forte,sequencial,1,none,0,1024,105775104,12,0.218193
forte,sequencial,1,none,0,1024,105775104,13,0.211236
forte,sequencial,1,none,0,1024,105775104,14,0.219180
forte,sequencial,1,none,0,1024,105775104,15,0.216781
forte,openmp,1,static,1,1024,105775104,1,0.219599
forte,openmp,1,static,1,1024,105775104,2,0.219888
forte,openmp,1,static,1,1024,105775104,3,0.220655
forte,openmp,1,static,1,1024,105775104,4,0.220337
forte,openmp,1,static,1,1024,105775104,5,0.211172
forte,openmp,1,static,1,1024,105775104,6,0.191731
forte,openmp,1,static,1,1024,105775104,7,0.209417
forte,openmp,1,static,1,1024,105775104,8,0.209505
forte,openmp,1,static,1,1024,105775104,9,0.209577
forte,openmp,1,static,1,1024,105775104,10,0.208069
forte,openmp,1,static,1,1024,105775104,11,0.210332
forte,openmp,1,static,1,1024,105775104,12,0.210810
forte,openmp,1,static,1,1024,105775104,13,0.174050
forte,openmp,1,static,1,1024,105775104,14,0.209847
forte,openmp,1,static,1,1024,105775104,15,0.174535
forte,openmp,1,static,4,1024,105775104,1,0.210039
forte,openmp,1,static,4,1024,105775104,2,0.172640
forte,openmp,1,static,4,1024,105775104,3,0.209277
forte,openmp,1,static,4,1024,105775104,4,0.208088
forte,openmp,1,static,4,1024,105775104,5,0.212993
forte,openmp,1,static,4,1024,105775104,6,0.209420
forte,openmp,1,static,4,1024,105775104,7,0.222677
forte,openmp,1,static,4,1024,105775104,8,0.219339
forte,openmp,1,static,4,1024,105775104,9,0.222137
forte,openmp,1,static,4,1024,105775104,10,0.217736
forte,openmp,1,static,4,1024,105775104,11,0.172885
forte,openmp,1,static,4,1024,105775104,12,0.219382
forte,openmp,1,static,4,1024,105775104,13,0.219694
forte,openmp,1,static,4,1024,105775104,14,0.218762
forte,openmp,1,static,4,1024,105775104,15,0.219018
forte,openmp,1,static,16,1024,105775104,1,0.221897
forte,openmp,1,static,16,1024,105775104,2,0.206446
forte,openmp,1,static,16,1024,105775104,3,0.219438
forte,openmp,1,static,16,1024,105775104,4,0.218643
forte,openmp,1,static,16,1024,105775104,5,0.214529
forte,openmp,1,static,16,1024,105775104,6,0.224769
forte,openmp,1,static,16,1024,105775104,7,0.218076
forte,openmp,1,static,16,1024,105775104,8,0.204751
forte,openmp,1,static,16,1024,105775104,9,0.208914
forte,openmp,1,static,16,1024,105775104,10,0.216301
forte,openmp,1,static,16,1024,105775104,11,0.220954
forte,openmp,1,static,16,1024,105775104,12,0.223348
forte,openmp,1,static,16,1024,105775104,13,0.222534
forte,openmp,1,static,16,1024,105775104,14,0.217383
forte,openmp,1,static,16,1024,105775104,15,0.215597
forte,openmp,1,dynamic,1,1024,105775104,1,0.173431
forte,openmp,1,dynamic,1,1024,105775104,2,0.187721
forte,openmp,1,dynamic,1,1024,105775104,3,0.214395
forte,openmp,1,dynamic,1,1024,105775104,4,0.217062
forte,openmp,1,dynamic,1,1024,105775104,5,0.220282
forte,openmp,1,dynamic,1,1024,105775104,6,0.219959
forte,openmp,1,dynamic,1,1024,105775104,7,0.215638
forte,openmp,1,dynamic,1,1024,105775104,8,0.215441
forte,openmp,1,dynamic,1,1024,105775104,9,0.218938
forte,openmp,1,dynamic,1,1024,105775104,10,0.216173
forte,openmp,1,dynamic,1,1024,105775104,11,0.217349
forte,openmp,1,dynamic,1,1024,105775104,12,0.221189
forte,openmp,1,dynamic,1,1024,105775104,13,0.211409
forte,openmp,1,dynamic,1,1024,105775104,14,0.216614
forte,openmp,1,dynamic,1,1024,105775104,15,0.216431
forte,openmp,1,dynamic,4,1024,105775104,1,0.219815
forte,openmp,1,dynamic,4,1024,105775104,2,0.218095
forte,openmp,1,dynamic,4,1024,105775104,3,0.211218
forte,openmp,1,dynamic,4,1024,105775104,4,0.222767
forte,openmp,1,dynamic,4,1024,105775104,5,0.220239
forte,openmp,1,dynamic,4,1024,105775104,6,0.220944
forte,openmp,1,dynamic,4,1024,105775104,7,0.172703
forte,openmp,1,dynamic,4,1024,105775104,8,0.172101
forte,openmp,1,dynamic,4,1024,105775104,9,0.214184
forte,openmp,1,dynamic,4,1024,105775104,10,0.190097
forte,openmp,1,dynamic,4,1024,105775104,11,0.225195
forte,openmp,1,dynamic,4,1024,105775104,12,0.214751
forte,openmp,1,dynamic,4,1024,105775104,13,0.216295
forte,openmp,1,dynamic,4,1024,105775104,14,0.220462
forte,openmp,1,dynamic,4,1024,105775104,15,0.215713
forte,openmp,1,dynamic,16,1024,105775104,1,0.219508
forte,openmp,1,dynamic,16,1024,105775104,2,0.212974
forte,openmp,1,dynamic,16,1024,105775104,3,0.219806
forte,openmp,1,dynamic,16,1024,105775104,4,0.218223
forte,openmp,1,dynamic,16,1024,105775104,5,0.214954
forte,openmp,1,dynamic,16,1024,105775104,6,0.219606
forte,openmp,1,dynamic,16,1024,105775104,7,0.218843
forte,openmp,1,dynamic,16,1024,105775104,8,0.211874
forte,openmp,1,dynamic,16,1024,105775104,9,0.219189
forte,openmp,1,dynamic,16,1024,105775104,10,0.212008
forte,openmp,1,dynamic,16,1024,105775104,11,0.212210
forte,openmp,1,dynamic,16,1024,105775104,12,0.217480
forte,openmp,1,dynamic,16,1024,105775104,13,0.219129
forte,openmp,1,dynamic,16,1024,105775104,14,0.216591
forte,openmp,1,dynamic,16,1024,105775104,15,0.209064
forte,openmp,1,guided,1,1024,105775104,1,0.210805
forte,openmp,1,guided,1,1024,105775104,2,0.216728
forte,openmp,1,guided,1,1024,105775104,3,0.218427
forte,openmp,1,guided,1,1024,105775104,4,0.218860
forte,openmp,1,guided,1,1024,105775104,5,0.218849
forte,openmp,1,guided,1,1024,105775104,6,0.219522
forte,openmp,1,guided,1,1024,105775104,7,0.222170
forte,openmp,1,guided,1,1024,105775104,8,0.220351
forte,openmp,1,guided,1,1024,105775104,9,0.217475
forte,openmp,1,guided,1,1024,105775104,10,0.221882
forte,openmp,1,guided,1,1024,105775104,11,0.229202
forte,openmp,1,guided,1,1024,105775104,12,0.217692
forte,openmp,1,guided,1,1024,105775104,13,0.218179
forte,openmp,1,guided,1,1024,105775104,14,0.218985
forte,openmp,1,guided,1,1024,105775104,15,0.212198
forte,openmp,1,guided,4,1024,105775104,1,0.215985
forte,openmp,1,guided,4,1024,105775104,2,0.214911
forte,openmp,1,guided,4,1024,105775104,3,0.216347
forte,openmp,1,guided,4,1024,105775104,4,0.218314
forte,openmp,1,guided,4,1024,105775104,5,0.216628
forte,openmp,1,guided,4,1024,105775104,6,0.216922
forte,openmp,1,guided,4,1024,105775104,7,0.219766
forte,openmp,1,guided,4,1024,105775104,8,0.218190
forte,openmp,1,guided,4,1024,105775104,9,0.221066
forte,openmp,1,guided,4,1024,105775104,10,0.219695
forte,openmp,1,guided,4,1024,105775104,11,0.217964
forte,openmp,1,guided,4,1024,105775104,12,0.221457
forte,openmp,1,guided,4,1024,105775104,13,0.214035
forte,openmp,1,guided,4,1024,105775104,14,0.219096
forte,openmp,1,guided,4,1024,105775104,15,0.218147
forte,openmp,1,guided,16,1024,105775104,1,0.219387
forte,openmp,1,guided,16,1024,105775104,2,0.219668
forte,openmp,1,guided,16,1024,105775104,3,0.207373
forte,openmp,1,guided,16,1024,105775104,4,0.222632
forte,openmp,1,guided,16,1024,105775104,5,0.210789
forte,openmp,1,guided,16,1024,105775104,6,0.211609
forte,openmp,1,guided,16,1024,105775104,7,0.211550
forte,openmp,1,guided,16,1024,105775104,8,0.215341
forte,openmp,1,guided,16,1024,105775104,9,0.210105
forte,openmp,1,guided,16,1024,105775104,10,0.221458
forte,openmp,1,guided,16,1024,105775104,11,0.215988
forte,openmp,1,guided,16,1024,105775104,12,0.212058
forte,openmp,1,guided,16,1024,105775104,13,0.219204
forte,openmp,1,guided,16,1024,105775104,14,0.224569
forte,openmp,1,guided,16,1024,105775104,15,0.221041
forte,openmp,2,static,1,1024,105775104,1,0.107295
forte,openmp,2,static,1,1024,105775104,2,0.127736
forte,openmp,2,static,1,1024,105775104,3,0.125518
forte,openmp,2,static,1,1024,105775104,4,0.129003
forte,openmp,2,static,1,1024,105775104,5,0.127942
forte,openmp,2,static,1,1024,105775104,6,0.107789
forte,openmp,2,static,1,1024,105775104,7,0.104867
forte,openmp,2,static,1,1024,105775104,8,0.106803
forte,openmp,2,static,1,1024,105775104,9,0.106004
forte,openmp,2,static,1,1024,105775104,10,0.107686
forte,openmp,2,static,1,1024,105775104,11,0.105212
forte,openmp,2,static,1,1024,105775104,12,0.105446
forte,openmp,2,static,1,1024,105775104,13,0.098467
forte,openmp,2,static,1,1024,105775104,14,0.098626
forte,openmp,2,static,1,1024,105775104,15,0.107771
forte,openmp,2,static,4,1024,105775104,1,0.115610
forte,openmp,2,static,4,1024,105775104,2,0.116170
forte,openmp,2,static,4,1024,105775104,3,0.107122
forte,openmp,2,static,4,1024,105775104,4,0.108464
forte,openmp,2,static,4,1024,105775104,5,0.113395
forte,openmp,2,static,4,1024,105775104,6,0.106076
forte,openmp,2,static,4,1024,105775104,7,0.115133
forte,openmp,2,static,4,1024,105775104,8,0.106014
forte,openmp,2,static,4,1024,105775104,9,0.106344
forte,openmp,2,static,4,1024,105775104,10,0.120886
forte,openmp,2,static,4,1024,105775104,11,0.125272
forte,openmp,2,static,4,1024,105775104,12,0.125562
forte,openmp,2,static,4,1024,105775104,13,0.122629
forte,openmp,2,static,4,1024,105775104,14,0.124166
forte,openmp,2,static,4,1024,105775104,15,0.125545
forte,openmp,2,static,16,1024,105775104,1,0.128773
forte,openmp,2,static,16,1024,105775104,2,0.126959
forte,openmp,2,static,16,1024,105775104,3,0.124276
forte,openmp,2,static,16,1024,105775104,4,0.124651
forte,openmp,2,static,16,1024,105775104,5,0.127002
forte,openmp,2,static,16,1024,105775104,6,0.127895
forte,openmp,2,static,16,1024,105775104,7,0.126933
forte,openmp,2,static,16,1024,105775104,8,0.126072
forte,openmp,2,static,16,1024,105775104,9,0.126924
forte,openmp,2,static,16,1024,105775104,10,0.127275
forte,openmp,2,static,16,1024,105775104,11,0.128975
forte,openmp,2,static,16,1024,105775104,12,0.126312
forte,openmp,2,static,16,1024,105775104,13,0.123661
forte,openmp,2,static,16,1024,105775104,14,0.123982
forte,openmp,2,static,16,1024,105775104,15,0.124470
forte,openmp,2,dynamic,1,1024,105775104,1,0.120385
forte,openmp,2,dynamic,1,1024,105775104,2,0.123606
forte,openmp,2,dynamic,1,1024,105775104,3,0.122801
forte,openmp,2,dynamic,1,1024,105775104,4,0.122103
forte,openmp,2,dynamic,1,1024,105775104,5,0.125699
forte,openmp,2,dynamic,1,1024,105775104,6,0.125432
forte,openmp,2,dynamic,1,1024,105775104,7,0.103553
forte,openmp,2,dynamic,1,1024,105775104,8,0.102048
forte,openmp,2,dynamic,1,1024,105775104,9,0.102925
forte,openmp,2,dynamic,1,1024,105775104,10,0.102209
forte,openmp,2,dynamic,1,1024,105775104,11,0.103324
forte,openmp,2,dynamic,1,1024,105775104,12,0.103723
forte,openmp,2,dynamic,1,1024,105775104,13,0.103522
forte,openmp,2,dynamic,1,1024,105775104,14,0.104511
forte,openmp,2,dynamic,1,1024,105775104,15,0.102487
forte,openmp,2,dynamic,4,1024,105775104,1,0.100930
forte,openmp,2,dynamic,4,1024,105775104,2,0.102366
forte,openmp,2,dynamic,4,1024,105775104,3,0.101744
forte,openmp,2,dynamic,4,1024,105775104,4,0.106106
forte,openmp,2,dynamic,4,1024,105775104,5,0.103135
forte,openmp,2,dynamic,4,1024,105775104,6,0.105279
forte,openmp,2,dynamic,4,1024,105775104,7,0.105448
forte,openmp,2,dynamic,4,1024,105775104,8,0.109206
forte,openmp,2,dynamic,4,1024,105775104,9,0.105773
forte,openmp,2,dynamic,4,1024,105775104,10,0.106299
forte,openmp,2,dynamic,4,1024,105775104,11,0.106377
forte,openmp,2,dynamic,4,1024,105775104,12,0.103817
forte,openmp,2,dynamic,4,1024,105775104,13,0.108527
forte,openmp,2,dynamic,4,1024,105775104,14,0.113903
forte,openmp,2,dynamic,4,1024,105775104,15,0.136141
forte,openmp,2,dynamic,16,1024,105775104,1,0.145475
forte,openmp,2,dynamic,16,1024,105775104,2,0.132057
forte,openmp,2,dynamic,16,1024,105775104,3,0.139883
forte,openmp,2,dynamic,16,1024,105775104,4,0.133527
forte,openmp,2,dynamic,16,1024,105775104,5,0.138227
forte,openmp,2,dynamic,16,1024,105775104,6,0.138926
forte,openmp,2,dynamic,16,1024,105775104,7,0.140565
forte,openmp,2,dynamic,16,1024,105775104,8,0.134590
forte,openmp,2,dynamic,16,1024,105775104,9,0.139528
forte,openmp,2,dynamic,16,1024,105775104,10,0.130765
forte,openmp,2,dynamic,16,1024,105775104,11,0.129505
forte,openmp,2,dynamic,16,1024,105775104,12,0.138331
forte,openmp,2,dynamic,16,1024,105775104,13,0.135188
forte,openmp,2,dynamic,16,1024,105775104,14,0.136212
forte,openmp,2,dynamic,16,1024,105775104,15,0.135257
forte,openmp,2,guided,1,1024,105775104,1,0.140712
forte,openmp,2,guided,1,1024,105775104,2,0.138174
forte,openmp,2,guided,1,1024,105775104,3,0.134002
forte,openmp,2,guided,1,1024,105775104,4,0.140590
forte,openmp,2,guided,1,1024,105775104,5,0.134195
forte,openmp,2,guided,1,1024,105775104,6,0.133206
forte,openmp,2,guided,1,1024,105775104,7,0.130825
forte,openmp,2,guided,1,1024,105775104,8,0.137367
forte,openmp,2,guided,1,1024,105775104,9,0.135639
forte,openmp,2,guided,1,1024,105775104,10,0.134354
forte,openmp,2,guided,1,1024,105775104,11,0.131884
forte,openmp,2,guided,1,1024,105775104,12,0.131676
forte,openmp,2,guided,1,1024,105775104,13,0.102573
forte,openmp,2,guided,1,1024,105775104,14,0.127474
forte,openmp,2,guided,1,1024,105775104,15,0.122843
forte,openmp,2,guided,4,1024,105775104,1,0.104190
forte,openmp,2,guided,4,1024,105775104,2,0.103175
forte,openmp,2,guided,4,1024,105775104,3,0.102193
forte,openmp,2,guided,4,1024,105775104,4,0.103063
forte,openmp,2,guided,4,1024,105775104,5,0.106702
forte,openmp,2,guided,4,1024,105775104,6,0.104910
forte,openmp,2,guided,4,1024,105775104,7,0.093857
forte,openmp,2,guided,4,1024,105775104,8,0.094341
forte,openmp,2,guided,4,1024,105775104,9,0.094541
forte,openmp,2,guided,4,1024,105775104,10,0.103936
forte,openmp,2,guided,4,1024,105775104,11,0.103860
forte,openmp,2,guided,4,1024,105775104,12,0.105180
forte,openmp,2,guided,4,1024,105775104,13,0.105271
forte,openmp,2,guided,4,1024,105775104,14,0.105512
forte,openmp,2,guided,4,1024,105775104,15,0.104733
forte,openmp,2,guided,16,1024,105775104,1,0.102557
forte,openmp,2,guided,16,1024,105775104,2,0.100296
forte,openmp,2,guided,16,1024,105775104,3,0.107179
forte,openmp,2,guided,16,1024,105775104,4,0.136831
forte,openmp,2,guided,16,1024,105775104,5,0.134927
forte,openmp,2,guided,16,1024,105775104,6,0.126868
forte,openmp,2,guided,16,1024,105775104,7,0.112341
forte,openmp,2,guided,16,1024,105775104,8,0.109871
forte,openmp,2,guided,16,1024,105775104,9,0.107388
forte,openmp,2,guided,16,1024,105775104,10,0.106968
forte,openmp,2,guided,16,1024,105775104,11,0.107471
forte,openmp,2,guided,16,1024,105775104,12,0.103515
forte,openmp,2,guided,16,1024,105775104,13,0.104775
forte,openmp,2,guided,16,1024,105775104,14,0.104177
forte,openmp,2,guided,16,1024,105775104,15,0.109910
forte,openmp,4,static,1,1024,105775104,1,0.054236
forte,openmp,4,static,1,1024,105775104,2,0.054202
forte,openmp,4,static,1,1024,105775104,3,0.053037
forte,openmp,4,static,1,1024,105775104,4,0.053607
forte,openmp,4,static,1,1024,105775104,5,0.053594
forte,openmp,4,static,1,1024,105775104,6,0.053013
forte,openmp,4,static,1,1024,105775104,7,0.052715
forte,openmp,4,static,1,1024,105775104,8,0.055014
forte,openmp,4,static,1,1024,105775104,9,0.053758
forte,openmp,4,static,1,1024,105775104,10,0.055522
forte,openmp,4,static,1,1024,105775104,11,0.052970
forte,openmp,4,static,1,1024,105775104,12,0.053502
forte,openmp,4,static,1,1024,105775104,13,0.053999
forte,openmp,4,static,1,1024,105775104,14,0.055248
forte,openmp,4,static,1,1024,105775104,15,0.053642
forte,openmp,4,static,4,1024,105775104,1,0.052708
forte,openmp,4,static,4,1024,105775104,2,0.054280
forte,openmp,4,static,4,1024,105775104,3,0.054650
forte,openmp,4,static,4,1024,105775104,4,0.054129
forte,openmp,4,static,4,1024,105775104,5,0.053795
forte,openmp,4,static,4,1024,105775104,6,0.053031
forte,openmp,4,static,4,1024,105775104,7,0.053202
forte,openmp,4,static,4,1024,105775104,8,0.053313
forte,openmp,4,static,4,1024,105775104,9,0.055135
forte,openmp,4,static,4,1024,105775104,10,0.052488
forte,openmp,4,static,4,1024,105775104,11,0.054446
forte,openmp,4,static,4,1024,105775104,12,0.053894
forte,openmp,4,static,4,1024,105775104,13,0.053569
forte,openmp,4,static,4,1024,105775104,14,0.054380
forte,openmp,4,static,4,1024,105775104,15,0.055928
forte,openmp,4,static,16,1024,105775104,1,0.050331
forte,openmp,4,static,16,1024,105775104,2,0.050598
forte,openmp,4,static,16,1024,105775104,3,0.050667
forte,openmp,4,static,16,1024,105775104,4,0.050606
forte,openmp,4,static,16,1024,105775104,5,0.050815
forte,openmp,4,static,16,1024,105775104,6,0.050901
forte,openmp,4,static,16,1024,105775104,7,0.051296
forte,openmp,4,static,16,1024,105775104,8,0.050032
forte,openmp,4,static,16,1024,105775104,9,0.050616
forte,openmp,4,static,16,1024,105775104,10,0.050481
forte,openmp,4,static,16,1024,105775104,11,0.051067
forte,openmp,4,static,16,1024,105775104,12,0.051038
forte,openmp,4,static,16,1024,105775104,13,0.051293
forte,openmp,4,static,16,1024,105775104,14,0.050071
forte,openmp,4,static,16,1024,105775104,15,0.050595
forte,openmp,4,dynamic,1,1024,105775104,1,0.049788
forte,openmp,4,dynamic,1,1024,105775104,2,0.050316
forte,openmp,4,dynamic,1,1024,105775104,3,0.049726
forte,openmp,4,dynamic,1,1024,105775104,4,0.049811
forte,openmp,4,dynamic,1,1024,105775104,5,0.049830
forte,openmp,4,dynamic,1,1024,105775104,6,0.049908
forte,openmp,4,dynamic,1,1024,105775104,7,0.049784
forte,openmp,4,dynamic,1,1024,105775104,8,0.049771
forte,openmp,4,dynamic,1,1024,105775104,9,0.050168
forte,openmp,4,dynamic,1,1024,105775104,10,0.049542
forte,openmp,4,dynamic,1,1024,105775104,11,0.049912
forte,openmp,4,dynamic,1,1024,105775104,12,0.049973
forte,openmp,4,dynamic,1,1024,105775104,13,0.050321
forte,openmp,4,dynamic,1,1024,105775104,14,0.050057
forte,openmp,4,dynamic,1,1024,105775104,15,0.050395
forte,openmp,4,dynamic,4,1024,105775104,1,0.050150
forte,openmp,4,dynamic,4,1024,105775104,2,0.049644
forte,openmp,4,dynamic,4,1024,105775104,3,0.050096
forte,openmp,4,dynamic,4,1024,105775104,4,0.050038
forte,openmp,4,dynamic,4,1024,105775104,5,0.050024
forte,openmp,4,dynamic,4,1024,105775104,6,0.050244
forte,openmp,4,dynamic,4,1024,105775104,7,0.050587
forte,openmp,4,dynamic,4,1024,105775104,8,0.050017
forte,openmp,4,dynamic,4,1024,105775104,9,0.049622
forte,openmp,4,dynamic,4,1024,105775104,10,0.049907
forte,openmp,4,dynamic,4,1024,105775104,11,0.049997
forte,openmp,4,dynamic,4,1024,105775104,12,0.049996
forte,openmp,4,dynamic,4,1024,105775104,13,0.049681
forte,openmp,4,dynamic,4,1024,105775104,14,0.049788
forte,openmp,4,dynamic,4,1024,105775104,15,0.049687
forte,openmp,4,dynamic,16,1024,105775104,1,0.050390
forte,openmp,4,dynamic,16,1024,105775104,2,0.050890
forte,openmp,4,dynamic,16,1024,105775104,3,0.050253
forte,openmp,4,dynamic,16,1024,105775104,4,0.050503
forte,openmp,4,dynamic,16,1024,105775104,5,0.050247
forte,openmp,4,dynamic,16,1024,105775104,6,0.050957
forte,openmp,4,dynamic,16,1024,105775104,7,0.050733
forte,openmp,4,dynamic,16,1024,105775104,8,0.051360
forte,openmp,4,dynamic,16,1024,105775104,9,0.050677
forte,openmp,4,dynamic,16,1024,105775104,10,0.050541
forte,openmp,4,dynamic,16,1024,105775104,11,0.051483
forte,openmp,4,dynamic,16,1024,105775104,12,0.050301
forte,openmp,4,dynamic,16,1024,105775104,13,0.051476
forte,openmp,4,dynamic,16,1024,105775104,14,0.050199
forte,openmp,4,dynamic,16,1024,105775104,15,0.050794
forte,openmp,4,guided,1,1024,105775104,1,0.049647
forte,openmp,4,guided,1,1024,105775104,2,0.049516
forte,openmp,4,guided,1,1024,105775104,3,0.049626
forte,openmp,4,guided,1,1024,105775104,4,0.050001
forte,openmp,4,guided,1,1024,105775104,5,0.049744
forte,openmp,4,guided,1,1024,105775104,6,0.049543
forte,openmp,4,guided,1,1024,105775104,7,0.050076
forte,openmp,4,guided,1,1024,105775104,8,0.049864
forte,openmp,4,guided,1,1024,105775104,9,0.058031
forte,openmp,4,guided,1,1024,105775104,10,0.049725
forte,openmp,4,guided,1,1024,105775104,11,0.049449
forte,openmp,4,guided,1,1024,105775104,12,0.050874
forte,openmp,4,guided,1,1024,105775104,13,0.050156
forte,openmp,4,guided,1,1024,105775104,14,0.049778
forte,openmp,4,guided,1,1024,105775104,15,0.049827
forte,openmp,4,guided,4,1024,105775104,1,0.049947
forte,openmp,4,guided,4,1024,105775104,2,0.050059
forte,openmp,4,guided,4,1024,105775104,3,0.050438
forte,openmp,4,guided,4,1024,105775104,4,0.049687
forte,openmp,4,guided,4,1024,105775104,5,0.049570
forte,openmp,4,guided,4,1024,105775104,6,0.049938
forte,openmp,4,guided,4,1024,105775104,7,0.049720
forte,openmp,4,guided,4,1024,105775104,8,0.050161
forte,openmp,4,guided,4,1024,105775104,9,0.049996
forte,openmp,4,guided,4,1024,105775104,10,0.050635
forte,openmp,4,guided,4,1024,105775104,11,0.050045
forte,openmp,4,guided,4,1024,105775104,12,0.049973
forte,openmp,4,guided,4,1024,105775104,13,0.050004
forte,openmp,4,guided,4,1024,105775104,14,0.049783
forte,openmp,4,guided,4,1024,105775104,15,0.049993
forte,openmp,4,guided,16,1024,105775104,1,0.050864
forte,openmp,4,guided,16,1024,105775104,2,0.051249
forte,openmp,4,guided,16,1024,105775104,3,0.050361
forte,openmp,4,guided,16,1024,105775104,4,0.050925
forte,openmp,4,guided,16,1024,105775104,5,0.050894
forte,openmp,4,guided,16,1024,105775104,6,0.051408
forte,openmp,4,guided,16,1024,105775104,7,0.050738
forte,openmp,4,guided,16,1024,105775104,8,0.051098
forte,openmp,4,guided,16,1024,105775104,9,0.051267
forte,openmp,4,guided,16,1024,105775104,10,0.050774
forte,openmp,4,guided,16,1024,105775104,11,0.050900
forte,openmp,4,guided,16,1024,105775104,12,0.050821
forte,openmp,4,guided,16,1024,105775104,13,0.050782
forte,openmp,4,guided,16,1024,105775104,14,0.050760
forte,openmp,4,guided,16,1024,105775104,15,0.050317
forte,openmp,8,static,1,1024,105775104,1,0.029760
forte,openmp,8,static,1,1024,105775104,2,0.029444
forte,openmp,8,static,1,1024,105775104,3,0.030654
forte,openmp,8,static,1,1024,105775104,4,0.031794
forte,openmp,8,static,1,1024,105775104,5,0.029974
forte,openmp,8,static,1,1024,105775104,6,0.030229
forte,openmp,8,static,1,1024,105775104,7,0.030482
forte,openmp,8,static,1,1024,105775104,8,0.033044
forte,openmp,8,static,1,1024,105775104,9,0.030199
forte,openmp,8,static,1,1024,105775104,10,0.031436
forte,openmp,8,static,1,1024,105775104,11,0.030907
forte,openmp,8,static,1,1024,105775104,12,0.029489
forte,openmp,8,static,1,1024,105775104,13,0.029258
forte,openmp,8,static,1,1024,105775104,14,0.030933
forte,openmp,8,static,1,1024,105775104,15,0.029908
forte,openmp,8,static,4,1024,105775104,1,0.030625
forte,openmp,8,static,4,1024,105775104,2,0.029961
forte,openmp,8,static,4,1024,105775104,3,0.029796
forte,openmp,8,static,4,1024,105775104,4,0.030633
forte,openmp,8,static,4,1024,105775104,5,0.029521
forte,openmp,8,static,4,1024,105775104,6,0.030533
forte,openmp,8,static,4,1024,105775104,7,0.029781
forte,openmp,8,static,4,1024,105775104,8,0.029124
forte,openmp,8,static,4,1024,105775104,9,0.030919
forte,openmp,8,static,4,1024,105775104,10,0.029318
forte,openmp,8,static,4,1024,105775104,11,0.029728
forte,openmp,8,static,4,1024,105775104,12,0.029941
forte,openmp,8,static,4,1024,105775104,13,0.029949
forte,openmp,8,static,4,1024,105775104,14,0.030513
forte,openmp,8,static,4,1024,105775104,15,0.029218
forte,openmp,8,static,16,1024,105775104,1,0.029323
forte,openmp,8,static,16,1024,105775104,2,0.032159
forte,openmp,8,static,16,1024,105775104,3,0.029497
forte,openmp,8,static,16,1024,105775104,4,0.028313
forte,openmp,8,static,16,1024,105775104,5,0.028198
forte,openmp,8,static,16,1024,105775104,6,0.029036
forte,openmp,8,static,16,1024,105775104,7,0.029876
forte,openmp,8,static,16,1024,105775104,8,0.030046
forte,openmp,8,static,16,1024,105775104,9,0.030556
forte,openmp,8,static,16,1024,105775104,10,0.030392
forte,openmp,8,static,16,1024,105775104,11,0.028701
forte,openmp,8,static,16,1024,105775104,12,0.029509
forte,openmp,8,static,16,1024,105775104,13,0.028948
forte,openmp,8,static,16,1024,105775104,14,0.030369
forte,openmp,8,static,16,1024,105775104,15,0.030361
forte,openmp,8,dynamic,1,1024,105775104,1,0.028459
forte,openmp,8,dynamic,1,1024,105775104,2,0.028514
forte,openmp,8,dynamic,1,1024,105775104,3,0.027990
forte,openmp,8,dynamic,1,1024,105775104,4,0.028618
forte,openmp,8,dynamic,1,1024,105775104,5,0.028643
forte,openmp,8,dynamic,1,1024,105775104,6,0.028284
forte,openmp,8,dynamic,1,1024,105775104,7,0.028551
forte,openmp,8,dynamic,1,1024,105775104,8,0.028457
forte,openmp,8,dynamic,1,1024,105775104,9,0.028502
forte,openmp,8,dynamic,1,1024,105775104,10,0.028373
forte,openmp,8,dynamic,1,1024,105775104,11,0.028357
forte,openmp,8,dynamic,1,1024,105775104,12,0.030314
forte,openmp,8,dynamic,1,1024,105775104,13,0.028187
forte,openmp,8,dynamic,1,1024,105775104,14,0.028209
forte,openmp,8,dynamic,1,1024,105775104,15,0.029024
forte,openmp,8,dynamic,4,1024,105775104,1,0.029263
forte,openmp,8,dynamic,4,1024,105775104,2,0.029226
forte,openmp,8,dynamic,4,1024,105775104,3,0.029006
forte,openmp,8,dynamic,4,1024,105775104,4,0.028443
forte,openmp,8,dynamic,4,1024,105775104,5,0.029170
forte,openmp,8,dynamic,4,1024,105775104,6,0.028120
forte,openmp,8,dynamic,4,1024,105775104,7,0.030531
forte,openmp,8,dynamic,4,1024,105775104,8,0.029219
forte,openmp,8,dynamic,4,1024,105775104,9,0.028968
forte,openmp,8,dynamic,4,1024,105775104,10,0.028039
forte,openmp,8,dynamic,4,1024,105775104,11,0.028609
forte,openmp,8,dynamic,4,1024,105775104,12,0.027561
forte,openmp,8,dynamic,4,1024,105775104,13,0.029318
forte,openmp,8,dynamic,4,1024,105775104,14,0.027924
forte,openmp,8,dynamic,4,1024,105775104,15,0.028616
forte,openmp,8,dynamic,16,1024,105775104,1,0.031774
forte,openmp,8,dynamic,16,1024,105775104,2,0.028760
forte,openmp,8,dynamic,16,1024,105775104,3,0.028541
forte,openmp,8,dynamic,16,1024,105775104,4,0.030808
forte,openmp,8,dynamic,16,1024,105775104,5,0.032127
forte,openmp,8,dynamic,16,1024,105775104,6,0.029744
forte,openmp,8,dynamic,16,1024,105775104,7,0.029264
forte,openmp,8,dynamic,16,1024,105775104,8,0.029838
forte,openmp,8,dynamic,16,1024,105775104,9,0.030876
forte,openmp,8,dynamic,16,1024,105775104,10,0.028060
forte,openmp,8,dynamic,16,1024,105775104,11,0.029096
forte,openmp,8,dynamic,16,1024,105775104,12,0.028861
forte,openmp,8,dynamic,16,1024,105775104,13,0.028574
forte,openmp,8,dynamic,16,1024,105775104,14,0.030125
forte,openmp,8,dynamic,16,1024,105775104,15,0.031136
forte,openmp,8,guided,1,1024,105775104,1,0.029294
forte,openmp,8,guided,1,1024,105775104,2,0.027795
forte,openmp,8,guided,1,1024,105775104,3,0.029797
forte,openmp,8,guided,1,1024,105775104,4,0.028818
forte,openmp,8,guided,1,1024,105775104,5,0.029887
forte,openmp,8,guided,1,1024,105775104,6,0.029670
forte,openmp,8,guided,1,1024,105775104,7,0.027577
forte,openmp,8,guided,1,1024,105775104,8,0.028601
forte,openmp,8,guided,1,1024,105775104,9,0.028937
forte,openmp,8,guided,1,1024,105775104,10,0.028905
forte,openmp,8,guided,1,1024,105775104,11,0.028112
forte,openmp,8,guided,1,1024,105775104,12,0.027440
forte,openmp,8,guided,1,1024,105775104,13,0.029129
forte,openmp,8,guided,1,1024,105775104,14,0.028697
forte,openmp,8,guided,1,1024,105775104,15,0.027883
forte,openmp,8,guided,4,1024,105775104,1,0.029451
forte,openmp,8,guided,4,1024,105775104,2,0.028361
forte,openmp,8,guided,4,1024,105775104,3,0.028183
forte,openmp,8,guided,4,1024,105775104,4,0.028925
forte,openmp,8,guided,4,1024,105775104,5,0.027616
forte,openmp,8,guided,4,1024,105775104,6,0.028214
forte,openmp,8,guided,4,1024,105775104,7,0.029686
forte,openmp,8,guided,4,1024,105775104,8,0.029776
forte,openmp,8,guided,4,1024,105775104,9,0.028919
forte,openmp,8,guided,4,1024,105775104,10,0.029473
forte,openmp,8,guided,4,1024,105775104,11,0.028045
forte,openmp,8,guided,4,1024,105775104,12,0.027969
forte,openmp,8,guided,4,1024,105775104,13,0.028094
forte,openmp,8,guided,4,1024,105775104,14,0.028152
forte,openmp,8,guided,4,1024,105775104,15,0.028874
forte,openmp,8,guided,16,1024,105775104,1,0.028667
forte,openmp,8,guided,16,1024,105775104,2,0.029154
forte,openmp,8,guided,16,1024,105775104,3,0.033863
forte,openmp,8,guided,16,1024,105775104,4,0.030259
forte,openmp,8,guided,16,1024,105775104,5,0.029596
forte,openmp,8,guided,16,1024,105775104,6,0.030238
forte,openmp,8,guided,16,1024,105775104,7,0.030144
forte,openmp,8,guided,16,1024,105775104,8,0.028956
forte,openmp,8,guided,16,1024,105775104,9,0.029738
forte,openmp,8,guided,16,1024,105775104,10,0.029926
forte,openmp,8,guided,16,1024,105775104,11,0.030980
forte,openmp,8,guided,16,1024,105775104,12,0.029408
forte,openmp,8,guided,16,1024,105775104,13,0.030079
forte,openmp,8,guided,16,1024,105775104,14,0.029095
forte,openmp,8,guided,16,1024,105775104,15,0.029606
forte,openmp,16,static,1,1024,105775104,1,0.029744
forte,openmp,16,static,1,1024,105775104,2,0.031309
forte,openmp,16,static,1,1024,105775104,3,0.030794
forte,openmp,16,static,1,1024,105775104,4,0.026617
forte,openmp,16,static,1,1024,105775104,5,0.028565
forte,openmp,16,static,1,1024,105775104,6,0.030556
forte,openmp,16,static,1,1024,105775104,7,0.027113
forte,openmp,16,static,1,1024,105775104,8,0.028407
forte,openmp,16,static,1,1024,105775104,9,0.029186
forte,openmp,16,static,1,1024,105775104,10,0.028753
forte,openmp,16,static,1,1024,105775104,11,0.027229
forte,openmp,16,static,1,1024,105775104,12,0.028531
forte,openmp,16,static,1,1024,105775104,13,0.026928
forte,openmp,16,static,1,1024,105775104,14,0.029359
forte,openmp,16,static,1,1024,105775104,15,0.027872
forte,openmp,16,static,4,1024,105775104,1,0.029656
forte,openmp,16,static,4,1024,105775104,2,0.027400
forte,openmp,16,static,4,1024,105775104,3,0.026294
forte,openmp,16,static,4,1024,105775104,4,0.027177
forte,openmp,16,static,4,1024,105775104,5,0.032951
forte,openmp,16,static,4,1024,105775104,6,0.027323
forte,openmp,16,static,4,1024,105775104,7,0.028090
forte,openmp,16,static,4,1024,105775104,8,0.028108
forte,openmp,16,static,4,1024,105775104,9,0.027859
forte,openmp,16,static,4,1024,105775104,10,0.026686
forte,openmp,16,static,4,1024,105775104,11,0.027985
forte,openmp,16,static,4,1024,105775104,12,0.029084
forte,openmp,16,static,4,1024,105775104,13,0.025936
forte,openmp,16,static,4,1024,105775104,14,0.029294
forte,openmp,16,static,4,1024,105775104,15,0.025661
forte,openmp,16,static,16,1024,105775104,1,0.028201
forte,openmp,16,static,16,1024,105775104,2,0.025899
forte,openmp,16,static,16,1024,105775104,3,0.028355
forte,openmp,16,static,16,1024,105775104,4,0.029129
forte,openmp,16,static,16,1024,105775104,5,0.030029
forte,openmp,16,static,16,1024,105775104,6,0.026720
forte,openmp,16,static,16,1024,105775104,7,0.027915
forte,openmp,16,static,16,1024,105775104,8,0.026465
forte,openmp,16,static,16,1024,105775104,9,0.028635
forte,openmp,16,static,16,1024,105775104,10,0.030889
forte,openmp,16,static,16,1024,105775104,11,0.028905
forte,openmp,16,static,16,1024,105775104,12,0.025860
forte,openmp,16,static,16,1024,105775104,13,0.027290
forte,openmp,16,static,16,1024,105775104,14,0.027822
forte,openmp,16,static,16,1024,105775104,15,0.026765
forte,openmp,16,dynamic,1,1024,105775104,1,0.025336
forte,openmp,16,dynamic,1,1024,105775104,2,0.027045
forte,openmp,16,dynamic,1,1024,105775104,3,0.025032
forte,openmp,16,dynamic,1,1024,105775104,4,0.025402
forte,openmp,16,dynamic,1,1024,105775104,5,0.025781
forte,openmp,16,dynamic,1,1024,105775104,6,0.026649
forte,openmp,16,dynamic,1,1024,105775104,7,0.026651
forte,openmp,16,dynamic,1,1024,105775104,8,0.027256
forte,openmp,16,dynamic,1,1024,105775104,9,0.026234
forte,openmp,16,dynamic,1,1024,105775104,10,0.026996
forte,openmp,16,dynamic,1,1024,105775104,11,0.025485
forte,openmp,16,dynamic,1,1024,105775104,12,0.026545
forte,openmp,16,dynamic,1,1024,105775104,13,0.029074
forte,openmp,16,dynamic,1,1024,105775104,14,0.030825
forte,openmp,16,dynamic,1,1024,105775104,15,0.025432
forte,openmp,16,dynamic,4,1024,105775104,1,0.031366
forte,openmp,16,dynamic,4,1024,105775104,2,0.027906
forte,openmp,16,dynamic,4,1024,105775104,3,0.027496
forte,openmp,16,dynamic,4,1024,105775104,4,0.025542
forte,openmp,16,dynamic,4,1024,105775104,5,0.028616
forte,openmp,16,dynamic,4,1024,105775104,6,0.026478
forte,openmp,16,dynamic,4,1024,105775104,7,0.026102
forte,openmp,16,dynamic,4,1024,105775104,8,0.026115
forte,openmp,16,dynamic,4,1024,105775104,9,0.025940
forte,openmp,16,dynamic,4,1024,105775104,10,0.029491
forte,openmp,16,dynamic,4,1024,105775104,11,0.027581
forte,openmp,16,dynamic,4,1024,105775104,12,0.026245
forte,openmp,16,dynamic,4,1024,105775104,13,0.025886
forte,openmp,16,dynamic,4,1024,105775104,14,0.026881
forte,openmp,16,dynamic,4,1024,105775104,15,0.028181
forte,openmp,16,dynamic,16,1024,105775104,1,0.027923
forte,openmp,16,dynamic,16,1024,105775104,2,0.030162
forte,openmp,16,dynamic,16,1024,105775104,3,0.025776
forte,openmp,16,dynamic,16,1024,105775104,4,0.026212
forte,openmp,16,dynamic,16,1024,105775104,5,0.025771
forte,openmp,16,dynamic,16,1024,105775104,6,0.031213
forte,openmp,16,dynamic,16,1024,105775104,7,0.026178
forte,openmp,16,dynamic,16,1024,105775104,8,0.026039
forte,openmp,16,dynamic,16,1024,105775104,9,0.027251
forte,openmp,16,dynamic,16,1024,105775104,10,0.026546
forte,openmp,16,dynamic,16,1024,105775104,11,0.026036
forte,openmp,16,dynamic,16,1024,105775104,12,0.028846
forte,openmp,16,dynamic,16,1024,105775104,13,0.030367
forte,openmp,16,dynamic,16,1024,105775104,14,0.029328
forte,openmp,16,dynamic,16,1024,105775104,15,0.030018
forte,openmp,16,guided,1,1024,105775104,1,0.026653
forte,openmp,16,guided,1,1024,105775104,2,0.029983
forte,openmp,16,guided,1,1024,105775104,3,0.027416
forte,openmp,16,guided,1,1024,105775104,4,0.029445
forte,openmp,16,guided,1,1024,105775104,5,0.026867
forte,openmp,16,guided,1,1024,105775104,6,0.026444
forte,openmp,16,guided,1,1024,105775104,7,0.026932
forte,openmp,16,guided,1,1024,105775104,8,0.024950
forte,openmp,16,guided,1,1024,105775104,9,0.026216
forte,openmp,16,guided,1,1024,105775104,10,0.026395
forte,openmp,16,guided,1,1024,105775104,11,0.024751
forte,openmp,16,guided,1,1024,105775104,12,0.026192
forte,openmp,16,guided,1,1024,105775104,13,0.027456
forte,openmp,16,guided,1,1024,105775104,14,0.024864
forte,openmp,16,guided,1,1024,105775104,15,0.027650
forte,openmp,16,guided,4,1024,105775104,1,0.026484
forte,openmp,16,guided,4,1024,105775104,2,0.026287
forte,openmp,16,guided,4,1024,105775104,3,0.027362
forte,openmp,16,guided,4,1024,105775104,4,0.029848
forte,openmp,16,guided,4,1024,105775104,5,0.026980
forte,openmp,16,guided,4,1024,105775104,6,0.026224
forte,openmp,16,guided,4,1024,105775104,7,0.027936
forte,openmp,16,guided,4,1024,105775104,8,0.025767
forte,openmp,16,guided,4,1024,105775104,9,0.027411
forte,openmp,16,guided,4,1024,105775104,10,0.028979
forte,openmp,16,guided,4,1024,105775104,11,0.029583
forte,openmp,16,guided,4,1024,105775104,12,0.027097
forte,openmp,16,guided,4,1024,105775104,13,0.026756
forte,openmp,16,guided,4,1024,105775104,14,0.029452
forte,openmp,16,guided,4,1024,105775104,15,0.025240
forte,openmp,16,guided,16,1024,105775104,1,0.028531
forte,openmp,16,guided,16,1024,105775104,2,0.027886
forte,openmp,16,guided,16,1024,105775104,3,0.026459
forte,openmp,16,guided,16,1024,105775104,4,0.029498
forte,openmp,16,guided,16,1024,105775104,5,0.030168
forte,openmp,16,guided,16,1024,105775104,6,0.027456
forte,openmp,16,guided,16,1024,105775104,7,0.031182
forte,openmp,16,guided,16,1024,105775104,8,0.027141
forte,openmp,16,guided,16,1024,105775104,9,0.027528
forte,openmp,16,guided,16,1024,105775104,10,0.030095
forte,openmp,16,guided,16,1024,105775104,11,0.028918
forte,openmp,16,guided,16,1024,105775104,12,0.029037
forte,openmp,16,guided,16,1024,105775104,13,0.027608
forte,openmp,16,guided,16,1024,105775104,14,0.030429
forte,openmp,16,guided,16,1024,105775104,15,0.028125
fraca,sequencial,1,none,0,64,6610944,1,0.014120
fraca,sequencial,1,none,0,64,6610944,2,0.013715
fraca,sequencial,1,none,0,64,6610944,3,0.013700
fraca,sequencial,1,none,0,64,6610944,4,0.013500
fraca,sequencial,1,none,0,64,6610944,5,0.013845
fraca,sequencial,1,none,0,64,6610944,6,0.013836
fraca,sequencial,1,none,0,64,6610944,7,0.013828
fraca,sequencial,1,none,0,64,6610944,8,0.014020
fraca,sequencial,1,none,0,64,6610944,9,0.013211
fraca,sequencial,1,none,0,64,6610944,10,0.013650
fraca,sequencial,1,none,0,64,6610944,11,0.013664
fraca,sequencial,1,none,0,64,6610944,12,0.013650
fraca,sequencial,1,none,0,64,6610944,13,0.013049
fraca,sequencial,1,none,0,64,6610944,14,0.014084
fraca,sequencial,1,none,0,64,6610944,15,0.013040
fraca,openmp,1,static,1,64,6610944,1,0.014022
fraca,openmp,1,static,1,64,6610944,2,0.013751
fraca,openmp,1,static,1,64,6610944,3,0.013699
fraca,openmp,1,static,1,64,6610944,4,0.013457
fraca,openmp,1,static,1,64,6610944,5,0.013899
fraca,openmp,1,static,1,64,6610944,6,0.013701
fraca,openmp,1,static,1,64,6610944,7,0.013639
fraca,openmp,1,static,1,64,6610944,8,0.014105
fraca,openmp,1,static,1,64,6610944,9,0.013632
fraca,openmp,1,static,1,64,6610944,10,0.013775
fraca,openmp,1,static,1,64,6610944,11,0.013991
fraca,openmp,1,static,1,64,6610944,12,0.013935
fraca,openmp,1,static,1,64,6610944,13,0.013789
fraca,openmp,1,static,1,64,6610944,14,0.013963
fraca,openmp,1,static,1,64,6610944,15,0.014420
fraca,openmp,2,static,1,128,13221888,1,0.017524
fraca,openmp,2,static,1,128,13221888,2,0.013744
fraca,openmp,2,static,1,128,13221888,3,0.018655
fraca,openmp,2,static,1,128,13221888,4,0.013132
fraca,openmp,2,static,1,128,13221888,5,0.013048
fraca,openmp,2,static,1,128,13221888,6,0.012967
fraca,openmp,2,static,1,128,13221888,7,0.013431
fraca,openmp,2,static,1,128,13221888,8,0.013042
fraca,openmp,2,static,1,128,13221888,9,0.012552
fraca,openmp,2,static,1,128,13221888,10,0.013384
fraca,openmp,2,static,1,128,13221888,11,0.012765
fraca,openmp,2,static,1,128,13221888,12,0.013532
fraca,openmp,2,static,1,128,13221888,13,0.012889
fraca,openmp,2,static,1,128,13221888,14,0.013363
fraca,openmp,2,static,1,128,13221888,15,0.013068
fraca,openmp,4,static,1,256,26443776,1,0.014020
fraca,openmp,4,static,1,256,26443776,2,0.013491
fraca,openmp,4,static,1,256,26443776,3,0.013787
fraca,openmp,4,static,1,256,26443776,4,0.013701
fraca,openmp,4,static,1,256,26443776,5,0.013291
fraca,openmp,4,static,1,256,26443776,6,0.013977
fraca,openmp,4,static,1,256,26443776,7,0.013714
fraca,openmp,4,static,1,256,26443776,8,0.013714
fraca,openmp,4,static,1,256,26443776,9,0.013650
fraca,openmp,4,static,1,256,26443776,10,0.013563
fraca,openmp,4,static,1,256,26443776,11,0.014117
fraca,openmp,4,static,1,256,26443776,12,0.013978
fraca,openmp,4,static,1,256,26443776,13,0.013579
fraca,openmp,4,static,1,256,26443776,14,0.013852
fraca,openmp,4,static,1,256,26443776,15,0.013457
fraca,openmp,8,static,1,512,52887552,1,0.018210
fraca,openmp,8,static,1,512,52887552,2,0.015625
fraca,openmp,8,static,1,512,52887552,3,0.015387
fraca,openmp,8,static,1,512,52887552,4,0.015819
fraca,openmp,8,static,1,512,52887552,5,0.015821
fraca,openmp,8,static,1,512,52887552,6,0.015517
fraca,openmp,8,static,1,512,52887552,7,0.014978
fraca,openmp,8,static,1,512,52887552,8,0.015014
fraca,openmp,8,static,1,512,52887552,9,0.015958
fraca,openmp,8,static,1,512,52887552,10,0.015535
fraca,openmp,8,static,1,512,52887552,11,0.016143
fraca,openmp,8,static,1,512,52887552,12,0.016100
fraca,openmp,8,static,1,512,52887552,13,0.016657
fraca,openmp,8,static,1,512,52887552,14,0.015641
fraca,openmp,8,static,1,512,52887552,15,0.015425
fraca,openmp,16,static,1,1024,105775104,1,0.029021
fraca,openmp,16,static,1,1024,105775104,2,0.031157
fraca,openmp,16,static,1,1024,105775104,3,0.027381
fraca,openmp,16,static,1,1024,105775104,4,0.029472
fraca,openmp,16,static,1,1024,105775104,5,0.026978
fraca,openmp,16,static,1,1024,105775104,6,0.030299
fraca,openmp,16,static,1,1024,105775104,7,0.030017
fraca,openmp,16,static,1,1024,105775104,8,0.029582
fraca,openmp,16,static,1,1024,105775104,9,0.027577
fraca,openmp,16,static,1,1024,105775104,10,0.028379
fraca,openmp,16,static,1,1024,105775104,11,0.026949
fraca,openmp,16,static,1,1024,105775104,12,0.027421
fraca,openmp,16,static,1,1024,105775104,13,0.026320
fraca,openmp,16,static,1,1024,105775104,14,0.028176
fraca,openmp,16,static,1,1024,105775104,15,0.030423
